product_code;qty
cn-91675;1
cn-91780;1
dis-cf5;1
dis-cf5;1
cn-91695;1
cn-00510;1
cn-00500;1
cn-73000;1
labor .25;1
gb8;1
cn-91665;1
cn-72000;1
cn-71000;1
labor .10;1
cn-70100;1
cn-92045;1
cn-91355;1
cn-91425;1
cn-91365;1
cn-91410;1
cn-91400;1
cn-91395;1
cn-92370;1
cn-92355;1
cn-92360;1
cn-92350;1
cn-92080;1
cn-92060;1
cn-91685;1
cn-92055;1
cn-92035;1
cn-92040;1
cn-91435;1
cn-91420;1
cn-91375;1
cn-91385;1
patch bolt;1
patch bolt;1
112233;1
101115181502;1
10306-7b;1
10406-7w;1
107026;1
107027;1
cab kit;1
105002;1
10721;1
10300;1
101003set;1
101003;1
25x50x250sn;1
10506-7b;1
150507b;1
150506b;1
10506-7;1
10506-7;1
15057;1
150506;1
120205ss;1
102205b;1
120205c;1
101114202602;1
101114202602;1
mfg labor sec;1
hhcs075c0100gr8;1
labor-each;1
cn-10925;1
cn-95555;1
.139x18.25v75;1
.139x18.25v75;1
cpnil52545ax;1
cpnil52545ax;1
cn-91620;1
wolf87-0012-01;1
cn-91640;1
cn-91630;1
cn-91635;1
10111240260;1
10111240260;1
dj-3712x3612tr-316na;1
dj-3712x3612tr-316na;1
40009;1
cn-91605;1
cn-91645;1
cn-91452;1
cn-90815;1
cn-91505;1
cn91535;1
concord 250,.75;1
cn-91550;1
cn-91570;1
cn-91590;1
.139x18.500bn70;1
.139x18.500bn70;1
.139x18.627bn70;1
.139x18.627bn70;1
.139x18.500bn90;1
.139x18.500bn90;1
.139x18.875si70;1
.139x18.875si70;1
